frame_idx,object_name,hand_point_idx,hand_point_name,num_object_points_in_contact
39,spatula,3,index_tip,4
40,spatula,3,index_tip,7
41,spatula,3,index_tip,9
41,spatula,17,thumb_tip,3
42,spatula,3,index_tip,11
42,spatula,17,thumb_tip,7
43,spatula,3,index_tip,9
43,spatula,17,thumb_tip,1
44,spatula,3,index_tip,6
45,spatula,3,index_tip,1
45,spatula,6,middle_tip,5
46,spatula,6,middle_tip,1
57,spatula,9,pinky_tip,1
58,spatula,9,pinky_tip,6
58,spatula,12,ring_tip,1
58,spatula,17,thumb_tip,3
59,spatula,9,pinky_tip,5
59,spatula,12,ring_tip,2
59,spatula,17,thumb_tip,6
60,spatula,9,pinky_tip,5
60,spatula,17,thumb_tip,10
61,spatula,9,pinky_tip,5
61,spatula,17,thumb_tip,10
62,spatula,9,pinky_tip,2
62,spatula,17,thumb_tip,12
63,spatula,9,pinky_tip,1
63,spatula,17,thumb_tip,12
64,spatula,9,pinky_tip,1
64,spatula,17,thumb_tip,12
65,spatula,9,pinky_tip,2
65,spatula,17,thumb_tip,12
66,spatula,9,pinky_tip,1
66,spatula,17,thumb_tip,12
67,spatula,9,pinky_tip,2
67,spatula,17,thumb_tip,12
68,spatula,9,pinky_tip,1
68,spatula,17,thumb_tip,12
69,spatula,9,pinky_tip,2
69,spatula,17,thumb_tip,12
70,spatula,9,pinky_tip,2
70,spatula,17,thumb_tip,12
71,spatula,9,pinky_tip,2
71,spatula,17,thumb_tip,11
72,spatula,9,pinky_tip,2
72,spatula,17,thumb_tip,12
73,spatula,9,pinky_tip,2
73,spatula,17,thumb_tip,11
74,spatula,9,pinky_tip,2
74,spatula,17,thumb_tip,12
75,spatula,9,pinky_tip,3
75,spatula,17,thumb_tip,10
76,spatula,9,pinky_tip,2
76,spatula,17,thumb_tip,12
77,spatula,9,pinky_tip,3
77,spatula,17,thumb_tip,10
78,spatula,9,pinky_tip,2
78,spatula,17,thumb_tip,12
79,spatula,9,pinky_tip,2
79,spatula,17,thumb_tip,11
80,spatula,9,pinky_tip,2
80,spatula,17,thumb_tip,12
81,spatula,9,pinky_tip,1
81,spatula,17,thumb_tip,11
82,spatula,9,pinky_tip,1
82,spatula,17,thumb_tip,12
83,spatula,9,pinky_tip,1
83,spatula,17,thumb_tip,12
84,spatula,9,pinky_tip,1
84,spatula,17,thumb_tip,12
85,spatula,17,thumb_tip,12
86,spatula,9,pinky_tip,1
86,spatula,17,thumb_tip,12
87,spatula,9,pinky_tip,1
87,spatula,17,thumb_tip,12
88,spatula,9,pinky_tip,1
88,spatula,17,thumb_tip,12
89,spatula,17,thumb_tip,12
90,spatula,9,pinky_tip,1
90,spatula,17,thumb_tip,12
91,spatula,9,pinky_tip,1
91,spatula,17,thumb_tip,12
92,spatula,9,pinky_tip,1
92,spatula,17,thumb_tip,12
93,spatula,9,pinky_tip,1
93,spatula,17,thumb_tip,12
94,spatula,9,pinky_tip,1
94,spatula,17,thumb_tip,12
95,spatula,9,pinky_tip,1
95,spatula,17,thumb_tip,12
96,spatula,9,pinky_tip,1
96,spatula,17,thumb_tip,12
97,spatula,9,pinky_tip,1
97,spatula,17,thumb_tip,12
98,spatula,9,pinky_tip,1
98,spatula,17,thumb_tip,12
99,spatula,9,pinky_tip,2
99,spatula,17,thumb_tip,12
100,spatula,9,pinky_tip,1
100,spatula,17,thumb_tip,12
101,spatula,17,thumb_tip,11
102,spatula,17,thumb_tip,12
103,spatula,17,thumb_tip,10
104,spatula,17,thumb_tip,11
105,spatula,17,thumb_tip,11
106,spatula,17,thumb_tip,11
107,spatula,17,thumb_tip,11
108,spatula,17,thumb_tip,12
109,spatula,17,thumb_tip,12
110,spatula,17,thumb_tip,12
111,spatula,17,thumb_tip,12
112,spatula,17,thumb_tip,12
113,spatula,17,thumb_tip,12
114,spatula,9,pinky_tip,1
114,spatula,17,thumb_tip,12
115,spatula,17,thumb_tip,11
116,spatula,9,pinky_tip,1
116,spatula,17,thumb_tip,11
117,spatula,17,thumb_tip,11
118,spatula,9,pinky_tip,1
118,spatula,17,thumb_tip,12
119,spatula,9,pinky_tip,1
119,spatula,17,thumb_tip,11
120,spatula,9,pinky_tip,2
120,spatula,17,thumb_tip,12
121,spatula,9,pinky_tip,1
121,spatula,17,thumb_tip,11
122,spatula,9,pinky_tip,2
122,spatula,17,thumb_tip,12
123,spatula,9,pinky_tip,2
123,spatula,17,thumb_tip,12
124,spatula,9,pinky_tip,2
124,spatula,17,thumb_tip,12
125,spatula,9,pinky_tip,3
125,spatula,17,thumb_tip,11
126,spatula,9,pinky_tip,3
126,spatula,17,thumb_tip,12
127,spatula,9,pinky_tip,3
127,spatula,17,thumb_tip,11
128,spatula,9,pinky_tip,3
128,spatula,17,thumb_tip,12
129,spatula,9,pinky_tip,3
129,spatula,17,thumb_tip,11
130,spatula,9,pinky_tip,3
130,spatula,17,thumb_tip,11
131,spatula,9,pinky_tip,3
131,spatula,17,thumb_tip,12
132,spatula,9,pinky_tip,3
132,spatula,17,thumb_tip,12
133,spatula,9,pinky_tip,2
133,spatula,17,thumb_tip,13
134,spatula,9,pinky_tip,2
134,spatula,17,thumb_tip,12
135,spatula,9,pinky_tip,1
135,spatula,17,thumb_tip,12
136,spatula,17,thumb_tip,12
137,spatula,17,thumb_tip,10
138,spatula,17,thumb_tip,10
139,spatula,17,thumb_tip,10
140,spatula,17,thumb_tip,9
141,spatula,17,thumb_tip,9
142,spatula,17,thumb_tip,9
143,spatula,17,thumb_tip,9
144,spatula,17,thumb_tip,9
145,spatula,17,thumb_tip,9
146,spatula,17,thumb_tip,9
147,spatula,17,thumb_tip,9
148,spatula,17,thumb_tip,9
149,spatula,17,thumb_tip,10
150,spatula,17,thumb_tip,10
151,spatula,17,thumb_tip,10
152,spatula,17,thumb_tip,9
153,spatula,17,thumb_tip,9
154,spatula,17,thumb_tip,9
155,spatula,17,thumb_tip,9
156,spatula,17,thumb_tip,9
157,spatula,17,thumb_tip,9
158,spatula,17,thumb_tip,9
159,spatula,17,thumb_tip,9
160,spatula,17,thumb_tip,8
161,spatula,17,thumb_tip,8
162,spatula,17,thumb_tip,8
163,spatula,17,thumb_tip,8
164,spatula,17,thumb_tip,8
165,spatula,17,thumb_tip,8
166,spatula,17,thumb_tip,8
167,spatula,17,thumb_tip,8
168,spatula,17,thumb_tip,8
169,spatula,17,thumb_tip,8
170,spatula,17,thumb_tip,8
171,spatula,17,thumb_tip,8
172,spatula,17,thumb_tip,8
173,spatula,17,thumb_tip,8
174,spatula,17,thumb_tip,8
175,spatula,17,thumb_tip,8
176,spatula,17,thumb_tip,8
177,spatula,17,thumb_tip,8
178,spatula,17,thumb_tip,8
179,spatula,17,thumb_tip,8
180,spatula,17,thumb_tip,8
181,spatula,17,thumb_tip,8
182,spatula,17,thumb_tip,8
183,spatula,17,thumb_tip,8
184,spatula,17,thumb_tip,8
185,spatula,17,thumb_tip,8
186,spatula,17,thumb_tip,8
187,spatula,17,thumb_tip,8
188,spatula,17,thumb_tip,8
189,spatula,17,thumb_tip,8
190,spatula,17,thumb_tip,8
191,spatula,17,thumb_tip,7
192,spatula,17,thumb_tip,6
193,spatula,17,thumb_tip,6
194,spatula,17,thumb_tip,6
195,spatula,17,thumb_tip,6
196,spatula,17,thumb_tip,6
197,spatula,17,thumb_tip,6
198,spatula,17,thumb_tip,7
199,spatula,17,thumb_tip,7
200,spatula,17,thumb_tip,8
201,spatula,17,thumb_tip,8
202,spatula,17,thumb_tip,8
203,spatula,17,thumb_tip,9
204,spatula,17,thumb_tip,9
205,spatula,17,thumb_tip,10
206,spatula,17,thumb_tip,11
207,spatula,17,thumb_tip,11
208,spatula,17,thumb_tip,11
209,spatula,17,thumb_tip,11
210,spatula,17,thumb_tip,11
211,spatula,17,thumb_tip,11
212,spatula,9,pinky_tip,1
212,spatula,17,thumb_tip,12
213,spatula,9,pinky_tip,1
213,spatula,17,thumb_tip,12
214,spatula,9,pinky_tip,1
214,spatula,17,thumb_tip,11
215,spatula,9,pinky_tip,1
215,spatula,17,thumb_tip,12
216,spatula,9,pinky_tip,1
216,spatula,17,thumb_tip,11
217,spatula,9,pinky_tip,1
217,spatula,17,thumb_tip,11
218,spatula,9,pinky_tip,1
218,spatula,17,thumb_tip,11
219,spatula,9,pinky_tip,1
219,spatula,17,thumb_tip,11
220,spatula,9,pinky_tip,2
220,spatula,17,thumb_tip,11
221,spatula,9,pinky_tip,2
221,spatula,17,thumb_tip,11
222,spatula,9,pinky_tip,2
222,spatula,17,thumb_tip,12
223,spatula,9,pinky_tip,2
223,spatula,17,thumb_tip,12
224,spatula,9,pinky_tip,2
224,spatula,17,thumb_tip,11
225,spatula,9,pinky_tip,2
225,spatula,17,thumb_tip,11
226,spatula,9,pinky_tip,2
226,spatula,17,thumb_tip,11
227,spatula,9,pinky_tip,2
227,spatula,17,thumb_tip,12
228,spatula,9,pinky_tip,2
228,spatula,17,thumb_tip,12
229,spatula,9,pinky_tip,2
229,spatula,17,thumb_tip,12
230,spatula,9,pinky_tip,2
230,spatula,17,thumb_tip,12
231,spatula,9,pinky_tip,2
231,spatula,17,thumb_tip,12
232,spatula,9,pinky_tip,2
232,spatula,17,thumb_tip,12
233,spatula,9,pinky_tip,2
233,spatula,17,thumb_tip,12
234,spatula,9,pinky_tip,2
234,spatula,17,thumb_tip,12
235,spatula,9,pinky_tip,2
235,spatula,17,thumb_tip,12
236,spatula,9,pinky_tip,2
236,spatula,17,thumb_tip,12
237,spatula,9,pinky_tip,2
237,spatula,17,thumb_tip,12
238,spatula,9,pinky_tip,2
238,spatula,17,thumb_tip,12
239,spatula,9,pinky_tip,1
239,spatula,17,thumb_tip,12
240,spatula,9,pinky_tip,1
240,spatula,17,thumb_tip,12
241,spatula,9,pinky_tip,1
241,spatula,17,thumb_tip,12
242,spatula,9,pinky_tip,1
242,spatula,17,thumb_tip,12
243,spatula,9,pinky_tip,1
243,spatula,17,thumb_tip,12
244,spatula,9,pinky_tip,1
244,spatula,17,thumb_tip,12
245,spatula,9,pinky_tip,1
245,spatula,17,thumb_tip,12
246,spatula,9,pinky_tip,2
246,spatula,17,thumb_tip,12
247,spatula,9,pinky_tip,1
247,spatula,17,thumb_tip,12
248,spatula,9,pinky_tip,2
248,spatula,17,thumb_tip,12
249,spatula,9,pinky_tip,2
249,spatula,17,thumb_tip,12
250,spatula,9,pinky_tip,2
250,spatula,17,thumb_tip,12
251,spatula,9,pinky_tip,2
251,spatula,17,thumb_tip,12
252,spatula,9,pinky_tip,2
252,spatula,17,thumb_tip,12
253,spatula,9,pinky_tip,2
253,spatula,17,thumb_tip,12
254,spatula,9,pinky_tip,3
254,spatula,17,thumb_tip,12
255,spatula,9,pinky_tip,3
255,spatula,17,thumb_tip,12
256,spatula,9,pinky_tip,4
256,spatula,17,thumb_tip,12
257,spatula,9,pinky_tip,4
257,spatula,17,thumb_tip,11
258,spatula,9,pinky_tip,4
258,spatula,17,thumb_tip,11
259,spatula,9,pinky_tip,5
259,spatula,17,thumb_tip,11
260,spatula,9,pinky_tip,5
260,spatula,17,thumb_tip,12
261,spatula,9,pinky_tip,5
261,spatula,17,thumb_tip,12
262,spatula,9,pinky_tip,6
262,spatula,17,thumb_tip,12
263,spatula,9,pinky_tip,6
263,spatula,17,thumb_tip,12
264,spatula,9,pinky_tip,6
264,spatula,17,thumb_tip,11
265,spatula,9,pinky_tip,6
265,spatula,17,thumb_tip,12
266,spatula,9,pinky_tip,6
266,spatula,17,thumb_tip,14
267,spatula,9,pinky_tip,6
267,spatula,17,thumb_tip,14
268,spatula,9,pinky_tip,6
268,spatula,17,thumb_tip,13
269,spatula,9,pinky_tip,6
269,spatula,17,thumb_tip,14
270,spatula,9,pinky_tip,6
270,spatula,17,thumb_tip,14
271,spatula,9,pinky_tip,6
271,spatula,17,thumb_tip,14
272,spatula,9,pinky_tip,6
272,spatula,17,thumb_tip,15
273,spatula,9,pinky_tip,6
273,spatula,17,thumb_tip,15
274,spatula,9,pinky_tip,6
274,spatula,17,thumb_tip,15
275,spatula,9,pinky_tip,6
275,spatula,17,thumb_tip,15
276,spatula,9,pinky_tip,6
276,spatula,12,ring_tip,1
276,spatula,17,thumb_tip,15
277,spatula,9,pinky_tip,7
277,spatula,12,ring_tip,2
277,spatula,17,thumb_tip,15
278,spatula,9,pinky_tip,7
278,spatula,12,ring_tip,2
278,spatula,17,thumb_tip,15
279,spatula,9,pinky_tip,8
279,spatula,12,ring_tip,2
279,spatula,17,thumb_tip,17
280,spatula,9,pinky_tip,9
280,spatula,12,ring_tip,2
280,spatula,17,thumb_tip,16
281,spatula,9,pinky_tip,9
281,spatula,12,ring_tip,2
281,spatula,17,thumb_tip,16
282,spatula,9,pinky_tip,8
282,spatula,12,ring_tip,3
282,spatula,17,thumb_tip,15
283,spatula,9,pinky_tip,9
283,spatula,12,ring_tip,3
283,spatula,17,thumb_tip,16
284,spatula,9,pinky_tip,8
284,spatula,12,ring_tip,3
284,spatula,17,thumb_tip,19
285,spatula,9,pinky_tip,7
285,spatula,12,ring_tip,1
285,spatula,17,thumb_tip,17
286,spatula,9,pinky_tip,7
286,spatula,17,thumb_tip,17
287,spatula,9,pinky_tip,7
287,spatula,17,thumb_tip,14
288,spatula,9,pinky_tip,5
288,spatula,17,thumb_tip,13
289,spatula,9,pinky_tip,4
289,spatula,17,thumb_tip,14
290,spatula,9,pinky_tip,3
290,spatula,17,thumb_tip,14
291,spatula,9,pinky_tip,2
291,spatula,17,thumb_tip,14
292,spatula,9,pinky_tip,2
292,spatula,17,thumb_tip,13
293,spatula,9,pinky_tip,2
293,spatula,17,thumb_tip,14
294,spatula,9,pinky_tip,1
294,spatula,17,thumb_tip,13
295,spatula,17,thumb_tip,13
296,spatula,17,thumb_tip,13
297,spatula,17,thumb_tip,13
298,spatula,17,thumb_tip,13
299,spatula,17,thumb_tip,13
300,spatula,17,thumb_tip,13
301,spatula,17,thumb_tip,13
302,spatula,17,thumb_tip,13
303,spatula,17,thumb_tip,13
304,spatula,17,thumb_tip,13
305,spatula,17,thumb_tip,12
306,spatula,17,thumb_tip,12
307,spatula,17,thumb_tip,12
308,spatula,17,thumb_tip,12
309,spatula,17,thumb_tip,12
310,spatula,17,thumb_tip,12
311,spatula,17,thumb_tip,12
312,spatula,17,thumb_tip,12
313,spatula,17,thumb_tip,12
314,spatula,17,thumb_tip,12
315,spatula,17,thumb_tip,12
316,spatula,17,thumb_tip,12
317,spatula,17,thumb_tip,12
318,spatula,17,thumb_tip,12
319,spatula,17,thumb_tip,12
320,spatula,17,thumb_tip,12
321,spatula,17,thumb_tip,13
322,spatula,17,thumb_tip,13
323,spatula,17,thumb_tip,13
324,spatula,17,thumb_tip,13
325,spatula,17,thumb_tip,13
326,spatula,17,thumb_tip,13
327,spatula,17,thumb_tip,13
328,spatula,17,thumb_tip,13
329,spatula,17,thumb_tip,12
330,spatula,17,thumb_tip,12
331,spatula,17,thumb_tip,12
332,spatula,17,thumb_tip,12
333,spatula,17,thumb_tip,12
334,spatula,17,thumb_tip,12
335,spatula,17,thumb_tip,12
336,spatula,17,thumb_tip,12
337,spatula,17,thumb_tip,12
338,spatula,17,thumb_tip,12
339,spatula,17,thumb_tip,12
340,spatula,17,thumb_tip,12
341,spatula,17,thumb_tip,12
342,spatula,17,thumb_tip,12
343,spatula,17,thumb_tip,12
344,spatula,17,thumb_tip,13
345,spatula,17,thumb_tip,13
346,spatula,17,thumb_tip,13
347,spatula,17,thumb_tip,12
348,spatula,17,thumb_tip,12
349,spatula,17,thumb_tip,12
350,spatula,17,thumb_tip,12
351,spatula,17,thumb_tip,12
352,spatula,17,thumb_tip,12
353,spatula,17,thumb_tip,12
354,spatula,17,thumb_tip,11
355,spatula,17,thumb_tip,11
356,spatula,17,thumb_tip,11
357,spatula,17,thumb_tip,11
358,spatula,17,thumb_tip,11
359,spatula,17,thumb_tip,11
360,spatula,17,thumb_tip,11
361,spatula,17,thumb_tip,11
362,spatula,17,thumb_tip,11
363,spatula,17,thumb_tip,11
364,spatula,17,thumb_tip,11
365,spatula,17,thumb_tip,11
366,spatula,17,thumb_tip,11
367,spatula,17,thumb_tip,11
368,spatula,17,thumb_tip,11
369,spatula,17,thumb_tip,11
370,spatula,17,thumb_tip,11
371,spatula,17,thumb_tip,12
372,spatula,17,thumb_tip,12
373,spatula,17,thumb_tip,12
374,spatula,17,thumb_tip,12
375,spatula,17,thumb_tip,12
376,spatula,17,thumb_tip,12
377,spatula,17,thumb_tip,12
378,spatula,17,thumb_tip,11
379,spatula,17,thumb_tip,10
380,spatula,17,thumb_tip,9
381,spatula,17,thumb_tip,9
382,spatula,17,thumb_tip,9
383,spatula,17,thumb_tip,9
384,spatula,17,thumb_tip,9
385,spatula,17,thumb_tip,9
386,spatula,17,thumb_tip,9
387,spatula,17,thumb_tip,9
388,spatula,17,thumb_tip,9
389,spatula,17,thumb_tip,9
390,spatula,17,thumb_tip,11
391,spatula,17,thumb_tip,11
392,spatula,17,thumb_tip,11
393,spatula,17,thumb_tip,11
394,spatula,17,thumb_tip,11
395,spatula,17,thumb_tip,12
396,spatula,17,thumb_tip,12
397,spatula,17,thumb_tip,12
398,spatula,17,thumb_tip,12
399,spatula,17,thumb_tip,12
400,spatula,17,thumb_tip,12
401,spatula,17,thumb_tip,12
402,spatula,17,thumb_tip,12
403,spatula,17,thumb_tip,11
404,spatula,17,thumb_tip,11
405,spatula,17,thumb_tip,11
406,spatula,17,thumb_tip,11
407,spatula,17,thumb_tip,12
408,spatula,17,thumb_tip,12
409,spatula,17,thumb_tip,13
410,spatula,9,pinky_tip,2
410,spatula,17,thumb_tip,14
411,spatula,9,pinky_tip,2
411,spatula,17,thumb_tip,14
412,spatula,9,pinky_tip,2
412,spatula,17,thumb_tip,16
413,spatula,9,pinky_tip,3
413,spatula,17,thumb_tip,16
414,spatula,9,pinky_tip,3
414,spatula,17,thumb_tip,16
415,spatula,9,pinky_tip,3
415,spatula,17,thumb_tip,17
416,spatula,9,pinky_tip,5
416,spatula,17,thumb_tip,16
417,spatula,9,pinky_tip,6
417,spatula,17,thumb_tip,17
418,spatula,9,pinky_tip,6
418,spatula,17,thumb_tip,15
419,spatula,9,pinky_tip,6
419,spatula,17,thumb_tip,15
420,spatula,9,pinky_tip,7
420,spatula,12,ring_tip,1
420,spatula,17,thumb_tip,17
421,spatula,9,pinky_tip,7
421,spatula,17,thumb_tip,17
422,spatula,9,pinky_tip,7
422,spatula,17,thumb_tip,17
423,spatula,9,pinky_tip,7
423,spatula,17,thumb_tip,17
424,spatula,9,pinky_tip,7
424,spatula,17,thumb_tip,16
425,spatula,9,pinky_tip,7
425,spatula,17,thumb_tip,16
426,spatula,9,pinky_tip,7
426,spatula,17,thumb_tip,16
427,spatula,9,pinky_tip,7
427,spatula,17,thumb_tip,16
428,spatula,9,pinky_tip,7
428,spatula,17,thumb_tip,16
429,spatula,9,pinky_tip,7
429,spatula,17,thumb_tip,15
430,spatula,9,pinky_tip,7
430,spatula,17,thumb_tip,15
431,spatula,9,pinky_tip,7
431,spatula,17,thumb_tip,15
432,spatula,9,pinky_tip,7
432,spatula,17,thumb_tip,15
433,spatula,9,pinky_tip,7
433,spatula,17,thumb_tip,17
434,spatula,9,pinky_tip,7
434,spatula,17,thumb_tip,17
435,spatula,9,pinky_tip,7
435,spatula,17,thumb_tip,16
436,spatula,9,pinky_tip,7
436,spatula,17,thumb_tip,16
437,spatula,9,pinky_tip,7
437,spatula,17,thumb_tip,16
438,spatula,9,pinky_tip,7
438,spatula,17,thumb_tip,17
439,spatula,9,pinky_tip,7
439,spatula,17,thumb_tip,18
440,spatula,9,pinky_tip,7
440,spatula,12,ring_tip,1
440,spatula,17,thumb_tip,17
441,spatula,9,pinky_tip,6
441,spatula,17,thumb_tip,17
442,spatula,9,pinky_tip,6
442,spatula,17,thumb_tip,17
443,spatula,9,pinky_tip,6
443,spatula,17,thumb_tip,17
444,spatula,9,pinky_tip,6
444,spatula,17,thumb_tip,17
445,spatula,9,pinky_tip,6
445,spatula,17,thumb_tip,17
446,spatula,9,pinky_tip,6
446,spatula,17,thumb_tip,16
447,spatula,9,pinky_tip,6
447,spatula,17,thumb_tip,16
448,spatula,9,pinky_tip,6
448,spatula,17,thumb_tip,14
449,spatula,9,pinky_tip,6
449,spatula,17,thumb_tip,15
450,spatula,9,pinky_tip,6
450,spatula,17,thumb_tip,15
451,spatula,9,pinky_tip,6
451,spatula,17,thumb_tip,16
452,spatula,9,pinky_tip,6
452,spatula,17,thumb_tip,16
453,spatula,9,pinky_tip,6
453,spatula,17,thumb_tip,16
454,spatula,9,pinky_tip,6
454,spatula,17,thumb_tip,16
455,spatula,9,pinky_tip,6
455,spatula,17,thumb_tip,17
456,spatula,9,pinky_tip,6
456,spatula,17,thumb_tip,17
457,spatula,9,pinky_tip,6
457,spatula,17,thumb_tip,17
458,spatula,9,pinky_tip,6
458,spatula,17,thumb_tip,16
459,spatula,9,pinky_tip,6
459,spatula,17,thumb_tip,16
460,spatula,9,pinky_tip,6
460,spatula,17,thumb_tip,16
461,spatula,9,pinky_tip,6
461,spatula,17,thumb_tip,16
462,spatula,9,pinky_tip,6
462,spatula,17,thumb_tip,17
463,spatula,9,pinky_tip,6
463,spatula,17,thumb_tip,17
464,spatula,9,pinky_tip,6
464,spatula,17,thumb_tip,16
465,spatula,9,pinky_tip,6
465,spatula,17,thumb_tip,17
466,spatula,9,pinky_tip,6
466,spatula,17,thumb_tip,16
467,spatula,9,pinky_tip,6
467,spatula,17,thumb_tip,16
468,spatula,9,pinky_tip,6
468,spatula,17,thumb_tip,17
469,spatula,9,pinky_tip,6
469,spatula,17,thumb_tip,16
470,spatula,9,pinky_tip,6
470,spatula,17,thumb_tip,17
471,spatula,9,pinky_tip,6
471,spatula,17,thumb_tip,14
472,spatula,9,pinky_tip,6
472,spatula,17,thumb_tip,15
473,spatula,9,pinky_tip,6
473,spatula,17,thumb_tip,17
474,spatula,9,pinky_tip,7
474,spatula,12,ring_tip,2
474,spatula,17,thumb_tip,17
475,spatula,9,pinky_tip,6
475,spatula,12,ring_tip,2
475,spatula,17,thumb_tip,18
476,spatula,9,pinky_tip,8
476,spatula,12,ring_tip,3
476,spatula,17,thumb_tip,18
477,spatula,9,pinky_tip,8
477,spatula,12,ring_tip,2
477,spatula,17,thumb_tip,20
478,spatula,9,pinky_tip,10
478,spatula,12,ring_tip,3
478,spatula,17,thumb_tip,19
479,spatula,9,pinky_tip,9
479,spatula,12,ring_tip,1
479,spatula,17,thumb_tip,20
480,spatula,9,pinky_tip,10
480,spatula,12,ring_tip,2
480,spatula,17,thumb_tip,19
481,spatula,9,pinky_tip,9
481,spatula,12,ring_tip,1
481,spatula,17,thumb_tip,20
482,spatula,9,pinky_tip,10
482,spatula,12,ring_tip,2
482,spatula,17,thumb_tip,20
483,spatula,9,pinky_tip,9
483,spatula,12,ring_tip,1
483,spatula,17,thumb_tip,20
484,spatula,9,pinky_tip,10
484,spatula,12,ring_tip,1
484,spatula,17,thumb_tip,20
485,spatula,9,pinky_tip,9
485,spatula,12,ring_tip,1
485,spatula,17,thumb_tip,21
486,spatula,9,pinky_tip,9
486,spatula,12,ring_tip,1
486,spatula,17,thumb_tip,20
487,spatula,9,pinky_tip,8
487,spatula,17,thumb_tip,19
488,spatula,9,pinky_tip,8
488,spatula,17,thumb_tip,20
489,spatula,9,pinky_tip,8
489,spatula,17,thumb_tip,19
490,spatula,9,pinky_tip,7
490,spatula,17,thumb_tip,19
491,spatula,9,pinky_tip,7
491,spatula,17,thumb_tip,19
492,spatula,9,pinky_tip,7
492,spatula,17,thumb_tip,18
493,spatula,9,pinky_tip,7
493,spatula,17,thumb_tip,18
494,spatula,9,pinky_tip,7
494,spatula,17,thumb_tip,19
495,spatula,9,pinky_tip,7
495,spatula,17,thumb_tip,19
496,spatula,9,pinky_tip,7
496,spatula,12,ring_tip,2
496,spatula,17,thumb_tip,19
497,spatula,9,pinky_tip,7
497,spatula,12,ring_tip,1
497,spatula,17,thumb_tip,19
498,spatula,9,pinky_tip,9
498,spatula,12,ring_tip,2
498,spatula,17,thumb_tip,19
499,spatula,9,pinky_tip,7
499,spatula,12,ring_tip,2
499,spatula,17,thumb_tip,19
500,spatula,9,pinky_tip,8
500,spatula,12,ring_tip,3
500,spatula,17,thumb_tip,19
501,spatula,9,pinky_tip,9
501,spatula,12,ring_tip,3
501,spatula,17,thumb_tip,19
502,spatula,9,pinky_tip,9
502,spatula,12,ring_tip,3
502,spatula,17,thumb_tip,18
503,spatula,9,pinky_tip,9
503,spatula,12,ring_tip,3
503,spatula,17,thumb_tip,18
504,spatula,9,pinky_tip,9
504,spatula,12,ring_tip,3
504,spatula,17,thumb_tip,18
505,spatula,9,pinky_tip,9
505,spatula,12,ring_tip,3
505,spatula,17,thumb_tip,18
506,spatula,9,pinky_tip,9
506,spatula,12,ring_tip,3
506,spatula,17,thumb_tip,18
507,spatula,9,pinky_tip,7
507,spatula,12,ring_tip,3
507,spatula,17,thumb_tip,18
508,spatula,9,pinky_tip,8
508,spatula,12,ring_tip,3
508,spatula,17,thumb_tip,18
509,spatula,9,pinky_tip,7
509,spatula,12,ring_tip,3
509,spatula,17,thumb_tip,18
510,spatula,9,pinky_tip,7
510,spatula,12,ring_tip,3
510,spatula,17,thumb_tip,18
511,spatula,9,pinky_tip,7
511,spatula,12,ring_tip,3
511,spatula,17,thumb_tip,18
512,spatula,9,pinky_tip,7
512,spatula,12,ring_tip,3
512,spatula,17,thumb_tip,18
513,spatula,9,pinky_tip,7
513,spatula,12,ring_tip,3
513,spatula,17,thumb_tip,18
514,spatula,9,pinky_tip,7
514,spatula,12,ring_tip,3
514,spatula,17,thumb_tip,17
515,spatula,9,pinky_tip,7
515,spatula,12,ring_tip,3
515,spatula,17,thumb_tip,17
516,spatula,9,pinky_tip,7
516,spatula,12,ring_tip,3
516,spatula,17,thumb_tip,17
517,spatula,9,pinky_tip,7
517,spatula,12,ring_tip,3
517,spatula,17,thumb_tip,17
518,spatula,9,pinky_tip,7
518,spatula,12,ring_tip,3
518,spatula,17,thumb_tip,17
519,spatula,9,pinky_tip,7
519,spatula,12,ring_tip,3
519,spatula,17,thumb_tip,17
520,spatula,9,pinky_tip,7
520,spatula,12,ring_tip,3
520,spatula,17,thumb_tip,17
521,spatula,9,pinky_tip,7
521,spatula,12,ring_tip,3
521,spatula,17,thumb_tip,17
522,spatula,9,pinky_tip,7
522,spatula,12,ring_tip,3
522,spatula,17,thumb_tip,17
523,spatula,9,pinky_tip,7
523,spatula,12,ring_tip,3
523,spatula,17,thumb_tip,18
524,spatula,9,pinky_tip,7
524,spatula,12,ring_tip,3
524,spatula,17,thumb_tip,18
525,spatula,9,pinky_tip,7
525,spatula,12,ring_tip,1
525,spatula,17,thumb_tip,17
526,spatula,9,pinky_tip,7
526,spatula,12,ring_tip,3
526,spatula,17,thumb_tip,17
527,spatula,9,pinky_tip,7
527,spatula,17,thumb_tip,16
528,spatula,9,pinky_tip,7
528,spatula,12,ring_tip,1
528,spatula,17,thumb_tip,15
529,spatula,9,pinky_tip,7
529,spatula,17,thumb_tip,16
530,spatula,9,pinky_tip,7
530,spatula,12,ring_tip,3
530,spatula,17,thumb_tip,15
531,spatula,9,pinky_tip,7
531,spatula,17,thumb_tip,15
532,spatula,9,pinky_tip,7
532,spatula,12,ring_tip,3
532,spatula,17,thumb_tip,16
533,spatula,9,pinky_tip,7
533,spatula,12,ring_tip,3
533,spatula,17,thumb_tip,17
534,spatula,9,pinky_tip,7
534,spatula,12,ring_tip,3
534,spatula,17,thumb_tip,17
535,spatula,9,pinky_tip,7
535,spatula,12,ring_tip,3
535,spatula,17,thumb_tip,18
536,spatula,9,pinky_tip,7
536,spatula,12,ring_tip,3
536,spatula,17,thumb_tip,17
537,spatula,9,pinky_tip,7
537,spatula,12,ring_tip,3
537,spatula,17,thumb_tip,19
538,spatula,9,pinky_tip,7
538,spatula,12,ring_tip,3
538,spatula,17,thumb_tip,19
539,spatula,9,pinky_tip,8
539,spatula,12,ring_tip,3
539,spatula,17,thumb_tip,19
540,spatula,9,pinky_tip,8
540,spatula,12,ring_tip,3
540,spatula,17,thumb_tip,19
541,spatula,9,pinky_tip,10
541,spatula,12,ring_tip,2
541,spatula,17,thumb_tip,19
542,spatula,9,pinky_tip,10
542,spatula,12,ring_tip,2
542,spatula,17,thumb_tip,19
543,spatula,9,pinky_tip,10
543,spatula,12,ring_tip,1
543,spatula,17,thumb_tip,21
544,spatula,9,pinky_tip,10
544,spatula,12,ring_tip,1
544,spatula,17,thumb_tip,21
545,spatula,9,pinky_tip,10
545,spatula,12,ring_tip,1
545,spatula,17,thumb_tip,20
546,spatula,9,pinky_tip,10
546,spatula,12,ring_tip,1
546,spatula,17,thumb_tip,20
547,spatula,9,pinky_tip,10
547,spatula,12,ring_tip,1
547,spatula,17,thumb_tip,18
548,spatula,9,pinky_tip,10
548,spatula,12,ring_tip,2
548,spatula,17,thumb_tip,16
549,spatula,9,pinky_tip,10
549,spatula,12,ring_tip,2
549,spatula,17,thumb_tip,16
550,spatula,9,pinky_tip,10
550,spatula,12,ring_tip,2
550,spatula,17,thumb_tip,16
551,spatula,9,pinky_tip,10
551,spatula,12,ring_tip,2
551,spatula,17,thumb_tip,16
552,spatula,9,pinky_tip,9
552,spatula,12,ring_tip,2
552,spatula,17,thumb_tip,16
553,spatula,9,pinky_tip,9
553,spatula,12,ring_tip,2
553,spatula,17,thumb_tip,16
554,spatula,9,pinky_tip,9
554,spatula,12,ring_tip,2
554,spatula,17,thumb_tip,16
555,spatula,9,pinky_tip,9
555,spatula,12,ring_tip,2
555,spatula,17,thumb_tip,16
556,spatula,9,pinky_tip,10
556,spatula,12,ring_tip,2
556,spatula,17,thumb_tip,16
557,spatula,9,pinky_tip,9
557,spatula,12,ring_tip,2
557,spatula,17,thumb_tip,16
558,spatula,9,pinky_tip,9
558,spatula,12,ring_tip,2
558,spatula,17,thumb_tip,16
559,spatula,9,pinky_tip,8
559,spatula,12,ring_tip,2
559,spatula,17,thumb_tip,16
560,spatula,9,pinky_tip,9
560,spatula,12,ring_tip,2
560,spatula,17,thumb_tip,16
561,spatula,9,pinky_tip,9
561,spatula,12,ring_tip,2
561,spatula,17,thumb_tip,16
562,spatula,9,pinky_tip,9
562,spatula,12,ring_tip,2
562,spatula,17,thumb_tip,16
563,spatula,9,pinky_tip,9
563,spatula,12,ring_tip,2
563,spatula,17,thumb_tip,15
564,spatula,9,pinky_tip,9
564,spatula,12,ring_tip,2
564,spatula,17,thumb_tip,15
565,spatula,9,pinky_tip,9
565,spatula,12,ring_tip,2
565,spatula,17,thumb_tip,15
566,spatula,9,pinky_tip,9
566,spatula,12,ring_tip,3
566,spatula,17,thumb_tip,16
567,spatula,9,pinky_tip,9
567,spatula,12,ring_tip,2
567,spatula,17,thumb_tip,17
568,spatula,9,pinky_tip,9
568,spatula,12,ring_tip,3
568,spatula,17,thumb_tip,17
569,spatula,9,pinky_tip,9
569,spatula,12,ring_tip,3
569,spatula,17,thumb_tip,17
570,spatula,9,pinky_tip,9
570,spatula,12,ring_tip,3
570,spatula,17,thumb_tip,17
571,spatula,9,pinky_tip,8
571,spatula,12,ring_tip,3
571,spatula,17,thumb_tip,17
572,spatula,9,pinky_tip,9
572,spatula,12,ring_tip,3
572,spatula,17,thumb_tip,17
573,spatula,9,pinky_tip,8
573,spatula,12,ring_tip,3
573,spatula,17,thumb_tip,17
574,spatula,9,pinky_tip,9
574,spatula,12,ring_tip,3
574,spatula,17,thumb_tip,17
575,spatula,9,pinky_tip,8
575,spatula,12,ring_tip,3
575,spatula,17,thumb_tip,17
576,spatula,9,pinky_tip,9
576,spatula,12,ring_tip,3
576,spatula,17,thumb_tip,17
577,spatula,9,pinky_tip,8
577,spatula,12,ring_tip,3
577,spatula,17,thumb_tip,17
578,spatula,9,pinky_tip,8
578,spatula,12,ring_tip,3
578,spatula,17,thumb_tip,17
579,spatula,9,pinky_tip,8
579,spatula,12,ring_tip,3
579,spatula,17,thumb_tip,17
580,spatula,9,pinky_tip,8
580,spatula,12,ring_tip,3
580,spatula,17,thumb_tip,17
581,spatula,9,pinky_tip,7
581,spatula,12,ring_tip,3
581,spatula,17,thumb_tip,17
582,spatula,9,pinky_tip,7
582,spatula,12,ring_tip,3
582,spatula,17,thumb_tip,17
583,spatula,9,pinky_tip,7
583,spatula,12,ring_tip,3
583,spatula,17,thumb_tip,17
584,spatula,9,pinky_tip,7
584,spatula,12,ring_tip,3
584,spatula,17,thumb_tip,16
585,spatula,9,pinky_tip,7
585,spatula,12,ring_tip,3
585,spatula,17,thumb_tip,16
